py_ver,mpl_ver,backend,tmax,thresh,file,size_bytes
3.9.4,tkagg,tkagg,20000,0.0,plot_minmax_t20000_thr0.0.svg,1037697
3.9.4,tkagg,tkagg,20000,0.0,plot_fill_t20000_thr0.0.svg,1077709
3.9.4,tkagg,tkagg,20000,0.0,plot_fill_t20000_thr0.0.pdf,384295
3.9.4,tkagg,tkagg,20000,0.5,plot_minmax_t20000_thr0.5.svg,123173
3.9.4,tkagg,tkagg,20000,0.5,plot_fill_t20000_thr0.5.svg,1077709
3.9.4,tkagg,tkagg,20000,0.5,plot_fill_t20000_thr0.5.pdf,384295
3.9.4,tkagg,tkagg,20000,1.0,plot_minmax_t20000_thr1.0.svg,67458
3.9.4,tkagg,tkagg,20000,1.0,plot_fill_t20000_thr1.0.svg,1077709
3.9.4,tkagg,tkagg,20000,1.0,plot_fill_t20000_thr1.0.pdf,384295
