old_label,new_label
_contour_demo,_examples-contour-demo
_contourf_demo,_examples-contourf-demo
_contourf_log,_examples-contourf-log
_image_antialiasing,_examples-image-antialiasing
_image_resampling,_examples-image-resampling
_image_demo,_examples-image-demo
_pcolor_demo,_examples-pcolor-demo
_pcolormesh_grids,_examples-pcolormesh-grids
_plot_streamplot,_examples-plot-streamplot
_tricontour_demo,_examples-tricontour-demo
_tricontour_smooth_delaunay,_examples-tricontour-smooth-delaunay
_tricontour_smooth_user,_examples-tricontour-smooth-user
_tripcolor_demo,_examples-tripcolor-demo
_triplot_demo,_examples-triplot-demo
_categorical_variables,_examples-categorical-variables
_eventplot_demo,_examples-eventplot-demo
_fill_between_demo,_examples-fill-between-demo
_step_demo,_examples-step-demo
_bars3d,_examples-bars3d
_box3d,_examples-box3d
_custom_shaded_3d_surface,_examples-custom-shaded-3d-surface
_intersecting_planes,_examples-intersecting-planes
_quiver3d,_examples-quiver3d
_stem3d_demo,_examples-stem3d-demo
_surface3d,_examples-surface3d
_surface3d_2,_examples-surface3d-2
_surface3d_3,_examples-surface3d-3
_trisurf3d,_examples-trisurf3d
_trisurf3d_2,_examples-trisurf3d-2
_boxplot_artists,_examples-boxplot-artists
_boxplot_color,_examples-boxplot-color
_boxplot_demo,_examples-boxplot-demo
_boxplot_vs_violin,_examples-boxplot-vs-violin
_customized_violin,_examples-customized-violin
_hexbin_demo,_examples-hexbin-demo
_histogram_histtypes,_examples-histogram-histtypes
_histogram_multihist,_examples-histogram-multihist
_histogram_normalization,_examples-histogram-normalization
_violinplot,_examples-violinplot
_bar3d_simple,_plot-types-bar3d-simple
_surface3d_simple,_plot-types-surface3d-simple
_trisurf3d_simple,_plot-types-trisurf3d-simple
_pcolormesh,_plot-types-pcolormesh
_users-guide-artists,_users-explain-users-guide-artists
_users_guide_axes,_users-explain-users-guide-axes
